{
  "E5HookURL": "https://api.e5.ai",
  "PipedreamURL": "https://enhcyfkltn86mbi.m.pipedream.net",
  "OrchestratorBaseURL" : "https://orchestrator.services.e5.ai",
  "OrchestratorAPIAsset" : "OrchestratorAPIUser",
  
  "Clients": [{
    "Name": "SelectData",
    "enabled": "true",
	"E5HookCredentialAsset": "SelectDataHubCredentials",
	"EnableQueueSearch" : "true",
	"PostInSlack": "False",
	"UploadToBox": "True",
	"GetLatestRunUpdate": "False",//Else Gets Bot summary of runs in Specified date range
	"Queue_Search_String" : "SD",
	"Queue_Search_Limit" : 100,
	"Tasks": [

				{
		"TaskId" : "603d1cffd61d890019ecd666",
		"TaskName": "Outbound - Coding into HCHB",
		"CSheetName": "CodingIntoHCHB",
		"SpecificDate": "No",
		"StartDate": "",
		"EndDate": "",
		"Statuses" : ["Success", "Failed", "Needs Attention", "Skipped"]
		}
	]
  }]
}
